<?xml version="1.0" encoding="UTF-8" ?>
<!DOCTYPE mapper PUBLIC "-//mybatis.org//DTD Mapper 3.0//EN" "http://mybatis.org/dtd/mybatis-3-mapper.dtd" >
<mapper namespace="com.bjlemon.springboot.mapper.UserMapper">
    <resultMap id="BaseResultMap" type="com.bjlemon.springboot.domain.User">
        <id column="user_id" property="userId" jdbcType="INTEGER"/>
        <result column="user_name" property="userName" jdbcType="VARCHAR"/>
        <result column="user_password" property="userPassword" jdbcType="VARCHAR"/>
        <result column="user_status" property="userStatus" jdbcType="INTEGER"/>
    </resultMap>
    <sql id="Example_Where_Clause">
        <where>
            <foreach collection="oredCriteria" item="criteria" separator="or">
                <if test="criteria.valid">
                    <trim prefix="(" suffix=")" prefixOverrides="and">
                        <foreach collection="criteria.criteria" item="criterion">
                            <choose>
                                <when test="criterion.noValue">
                                    and ${criterion.condition}
                                </when>
                                <when test="criterion.singleValue">
                                    and ${criterion.condition} #{criterion.value}
                                </when>
                                <when test="criterion.betweenValue">
                                    and ${criterion.condition} #{criterion.value} and #{criterion.secondValue}
                                </when>
                                <when test="criterion.listValue">
                                    and ${criterion.condition}
                                    <foreach collection="criterion.value" item="listItem" open="(" close=")"
                                             separator=",">
                                        #{listItem}
                                    </foreach>
                                </when>
                            </choose>
                        </foreach>
                    </trim>
                </if>
            </foreach>
        </where>
    </sql>
    <sql id="Update_By_Example_Where_Clause">
        <where>
            <foreach collection="example.oredCriteria" item="criteria" separator="or">
                <if test="criteria.valid">
                    <trim prefix="(" suffix=")" prefixOverrides="and">
                        <foreach collection="criteria.criteria" item="criterion">
                            <choose>
                                <when test="criterion.noValue">
                                    and ${criterion.condition}
                                </when>
                                <when test="criterion.singleValue">
                                    and ${criterion.condition} #{criterion.value}
                                </when>
                                <when test="criterion.betweenValue">
                                    and ${criterion.condition} #{criterion.value} and #{criterion.secondValue}
                                </when>
                                <when test="criterion.listValue">
                                    and ${criterion.condition}
                                    <foreach collection="criterion.value" item="listItem" open="(" close=")"
                                             separator=",">
                                        #{listItem}
                                    </foreach>
                                </when>
                            </choose>
                        </foreach>
                    </trim>
                </if>
            </foreach>
        </where>
    </sql>
    <sql id="Base_Column_List">
    user_id, user_name, user_password, user_status
  </sql>
    <select id="selectByExample" resultMap="BaseResultMap" parameterType="com.bjlemon.springboot.domain.UserExample">
        select
        <if test="distinct">
            distinct
        </if>
        <include refid="Base_Column_List"/>
        from t_user
        <if test="_parameter != null">
            <include refid="Example_Where_Clause"/>
        </if>
        <if test="orderByClause != null">
            order by ${orderByClause}
        </if>
    </select>
    <select id="selectByPrimaryKey" resultMap="BaseResultMap" parameterType="java.lang.Integer">
        select
        <include refid="Base_Column_List"/>
        from t_user
        where user_id = #{userId,jdbcType=INTEGER}
    </select>
    <delete id="deleteByPrimaryKey" parameterType="java.lang.Integer">
    delete from t_user
    where user_id = #{userId,jdbcType=INTEGER}
  </delete>
    <delete id="deleteByExample" parameterType="com.bjlemon.springboot.domain.UserExample">
        delete from t_user
        <if test="_parameter != null">
            <include refid="Example_Where_Clause"/>
        </if>
    </delete>
    <insert id="insert" parameterType="com.bjlemon.springboot.domain.User">
    insert into t_user (user_id, user_name, user_password, 
      user_status)
    values (#{userId,jdbcType=INTEGER}, #{userName,jdbcType=VARCHAR}, #{userPassword,jdbcType=VARCHAR}, 
      #{userStatus,jdbcType=INTEGER})
  </insert>
    <insert id="insertSelective" parameterType="com.bjlemon.springboot.domain.User">
        insert into t_user
        <trim prefix="(" suffix=")" suffixOverrides=",">
            <if test="userId != null">
                user_id,
            </if>
            <if test="userName != null">
                user_name,
            </if>
            <if test="userPassword != null">
                user_password,
            </if>
            <if test="userStatus != null">
                user_status,
            </if>
        </trim>
        <trim prefix="values (" suffix=")" suffixOverrides=",">
            <if test="userId != null">
                #{userId,jdbcType=INTEGER},
            </if>
            <if test="userName != null">
                #{userName,jdbcType=VARCHAR},
            </if>
            <if test="userPassword != null">
                #{userPassword,jdbcType=VARCHAR},
            </if>
            <if test="userStatus != null">
                #{userStatus,jdbcType=INTEGER},
            </if>
        </trim>
    </insert>
    <select id="countByExample" parameterType="com.bjlemon.springboot.domain.UserExample"
            resultType="java.lang.Integer">
        select count(*) from t_user
        <if test="_parameter != null">
            <include refid="Example_Where_Clause"/>
        </if>
    </select>
    <update id="updateByExampleSelective" parameterType="map">
        update t_user
        <set>
            <if test="record.userId != null">
                user_id = #{record.userId,jdbcType=INTEGER},
            </if>
            <if test="record.userName != null">
                user_name = #{record.userName,jdbcType=VARCHAR},
            </if>
            <if test="record.userPassword != null">
                user_password = #{record.userPassword,jdbcType=VARCHAR},
            </if>
            <if test="record.userStatus != null">
                user_status = #{record.userStatus,jdbcType=INTEGER},
            </if>
        </set>
        <if test="_parameter != null">
            <include refid="Update_By_Example_Where_Clause"/>
        </if>
    </update>
    <update id="updateByExample" parameterType="map">
        update t_user
        set user_id = #{record.userId,jdbcType=INTEGER},
        user_name = #{record.userName,jdbcType=VARCHAR},
        user_password = #{record.userPassword,jdbcType=VARCHAR},
        user_status = #{record.userStatus,jdbcType=INTEGER}
        <if test="_parameter != null">
            <include refid="Update_By_Example_Where_Clause"/>
        </if>
    </update>
    <update id="updateByPrimaryKeySelective" parameterType="com.bjlemon.springboot.domain.User">
        update t_user
        <set>
            <if test="userName != null">
                user_name = #{userName,jdbcType=VARCHAR},
            </if>
            <if test="userPassword != null">
                user_password = #{userPassword,jdbcType=VARCHAR},
            </if>
            <if test="userStatus != null">
                user_status = #{userStatus,jdbcType=INTEGER},
            </if>
        </set>
        where user_id = #{userId,jdbcType=INTEGER}
    </update>
    <update id="updateByPrimaryKey" parameterType="com.bjlemon.springboot.domain.User">
    update t_user
    set user_name = #{userName,jdbcType=VARCHAR},
      user_password = #{userPassword,jdbcType=VARCHAR},
      user_status = #{userStatus,jdbcType=INTEGER}
    where user_id = #{userId,jdbcType=INTEGER}
  </update>

    <select id="findPermissionsByUserId"
            resultMap="com.bjlemon.springboot.mapper.PermissionMapper.BaseResultMap">
        select
            tp.permission_id, permission_name, permission_url, parent_id
        from
            t_permission tp
        LEFT JOIN t_role_permission trp ON tp.permission_id = trp.permission_id
        LEFT JOIN t_role tr ON trp.role_id = tr.role_id
        LEFT JOIN t_user_role tur ON tr.role_id = tur.role_id
        WHERE tur.user_id = #{id}
    </select>
</mapper>
