<?xml version="1.0" encoding="UTF-8" ?>
<!DOCTYPE mapper PUBLIC "-//mybatis.org//DTD Mapper 3.0//EN" "http://mybatis.org/dtd/mybatis-3-mapper.dtd" >
<mapper namespace="com.bjlemon.springboot.mapper.RolePermissionMapper" >
  <resultMap id="BaseResultMap" type="com.bjlemon.springboot.domain.RolePermissionKey" >
    <id column="role_id" property="roleId" jdbcType="INTEGER" />
    <id column="permission_id" property="permissionId" jdbcType="INTEGER" />
  </resultMap>
  <sql id="Example_Where_Clause" >
    <where >
      <foreach collection="oredCriteria" item="criteria" separator="or" >
        <if test="criteria.valid" >
          <trim prefix="(" suffix=")" prefixOverrides="and" >
            <foreach collection="criteria.criteria" item="criterion" >
              <choose >
                <when test="criterion.noValue" >
                  and ${criterion.condition}
                </when>
                <when test="criterion.singleValue" >
                  and ${criterion.condition} #{criterion.value}
                </when>
                <when test="criterion.betweenValue" >
                  and ${criterion.condition} #{criterion.value} and #{criterion.secondValue}
                </when>
                <when test="criterion.listValue" >
                  and ${criterion.condition}
                  <foreach collection="criterion.value" item="listItem" open="(" close=")" separator="," >
                    #{listItem}
                  </foreach>
                </when>
              </choose>
            </foreach>
          </trim>
        </if>
      </foreach>
    </where>
  </sql>
  <sql id="Update_By_Example_Where_Clause" >
    <where >
      <foreach collection="example.oredCriteria" item="criteria" separator="or" >
        <if test="criteria.valid" >
          <trim prefix="(" suffix=")" prefixOverrides="and" >
            <foreach collection="criteria.criteria" item="criterion" >
              <choose >
                <when test="criterion.noValue" >
                  and ${criterion.condition}
                </when>
                <when test="criterion.singleValue" >
                  and ${criterion.condition} #{criterion.value}
                </when>
                <when test="criterion.betweenValue" >
                  and ${criterion.condition} #{criterion.value} and #{criterion.secondValue}
                </when>
                <when test="criterion.listValue" >
                  and ${criterion.condition}
                  <foreach collection="criterion.value" item="listItem" open="(" close=")" separator="," >
                    #{listItem}
                  </foreach>
                </when>
              </choose>
            </foreach>
          </trim>
        </if>
      </foreach>
    </where>
  </sql>
  <sql id="Base_Column_List" >
    role_id, permission_id
  </sql>
  <select id="selectByExample" resultMap="BaseResultMap" parameterType="com.bjlemon.springboot.domain.RolePermissionExample" >
    select
    <if test="distinct" >
      distinct
    </if>
    <include refid="Base_Column_List" />
    from t_role_permission
    <if test="_parameter != null" >
      <include refid="Example_Where_Clause" />
    </if>
    <if test="orderByClause != null" >
      order by ${orderByClause}
    </if>
  </select>
  <delete id="deleteByPrimaryKey" parameterType="com.bjlemon.springboot.domain.RolePermissionKey" >
    delete from t_role_permission
    where role_id = #{roleId,jdbcType=INTEGER}
      and permission_id = #{permissionId,jdbcType=INTEGER}
  </delete>
  <delete id="deleteByExample" parameterType="com.bjlemon.springboot.domain.RolePermissionExample" >
    delete from t_role_permission
    <if test="_parameter != null" >
      <include refid="Example_Where_Clause" />
    </if>
  </delete>
  <insert id="insert" parameterType="com.bjlemon.springboot.domain.RolePermissionKey" >
    insert into t_role_permission (role_id, permission_id)
    values (#{roleId,jdbcType=INTEGER}, #{permissionId,jdbcType=INTEGER})
  </insert>
  <insert id="insertSelective" parameterType="com.bjlemon.springboot.domain.RolePermissionKey" >
    insert into t_role_permission
    <trim prefix="(" suffix=")" suffixOverrides="," >
      <if test="roleId != null" >
        role_id,
      </if>
      <if test="permissionId != null" >
        permission_id,
      </if>
    </trim>
    <trim prefix="values (" suffix=")" suffixOverrides="," >
      <if test="roleId != null" >
        #{roleId,jdbcType=INTEGER},
      </if>
      <if test="permissionId != null" >
        #{permissionId,jdbcType=INTEGER},
      </if>
    </trim>
  </insert>
  <select id="countByExample" parameterType="com.bjlemon.springboot.domain.RolePermissionExample" resultType="java.lang.Integer" >
    select count(*) from t_role_permission
    <if test="_parameter != null" >
      <include refid="Example_Where_Clause" />
    </if>
  </select>
  <update id="updateByExampleSelective" parameterType="map" >
    update t_role_permission
    <set >
      <if test="record.roleId != null" >
        role_id = #{record.roleId,jdbcType=INTEGER},
      </if>
      <if test="record.permissionId != null" >
        permission_id = #{record.permissionId,jdbcType=INTEGER},
      </if>
    </set>
    <if test="_parameter != null" >
      <include refid="Update_By_Example_Where_Clause" />
    </if>
  </update>
  <update id="updateByExample" parameterType="map" >
    update t_role_permission
    set role_id = #{record.roleId,jdbcType=INTEGER},
      permission_id = #{record.permissionId,jdbcType=INTEGER}
    <if test="_parameter != null" >
      <include refid="Update_By_Example_Where_Clause" />
    </if>
  </update>
</mapper>